
{"data":[{"month":"jul","day":"1","revenue":6470,"saleC":11,"customerC":0,"grossP":2862,"discount":269,"discountP":0.04,"basketV":10,"basketS":0.08},{"month":"jul","day":"2","revenue":7356,"saleC":15,"customerC":1,"grossP":2473,"discount":876,"discountP":0.02,"basketV":15,"basketS":0.07},{"month":"jul","day":"3","revenue":8555,"saleC":16,"customerC":0,"grossP":1602,"discount":1835,"discountP":0.06,"basketV":11,"basketS":0.06},{"month":"jul","day":"4","revenue":7035,"saleC":14,"customerC":1,"grossP":4156,"discount":1847,"discountP":0.06,"basketV":11,"basketS":0.07},{"month":"jul","day":"5","revenue":5231,"saleC":18,"customerC":1,"grossP":3146,"discount":316,"discountP":0.03,"basketV":13,"basketS":0.08},{"month":"jul","day":"6","revenue":8067,"saleC":6,"customerC":0,"grossP":3602,"discount":1938,"discountP":0.01,"basketV":13,"basketS":0.07},{"month":"jul","day":"7","revenue":6001,"saleC":12,"customerC":0,"grossP":1899,"discount":1851,"discountP":0.04,"basketV":13,"basketS":0.08},{"month":"jul","day":"8","revenue":4844,"saleC":15,"customerC":0,"grossP":1813,"discount":1799,"discountP":0.02,"basketV":14,"basketS":0.07},{"month":"jul","day":"9","revenue":7865,"saleC":18,"customerC":1,"grossP":1615,"discount":1105,"discountP":0.00,"basketV":12,"basketS":0.08},{"month":"jul","day":"10","revenue":3354,"saleC":18,"customerC":1,"grossP":2292,"discount":193,"discountP":0.02,"basketV":13,"basketS":0.07},{"month":"jul","day":"11","revenue":9450,"saleC":19,"customerC":1,"grossP":4373,"discount":177,"discountP":0.04,"basketV":15,"basketS":0.08},{"month":"jul","day":"12","revenue":5397,"saleC":16,"customerC":1,"grossP":2945,"discount":730,"discountP":0.01,"basketV":13,"basketS":0.08},{"month":"jul","day":"13","revenue":9608,"saleC":8,"customerC":1,"grossP":2456,"discount":689,"discountP":0.03,"basketV":12,"basketS":0.07},{"month":"jul","day":"14","revenue":9596,"saleC":12,"customerC":0,"grossP":3152,"discount":1758,"discountP":0.01,"basketV":10,"basketS":0.07},{"month":"jul","day":"15","revenue":3919,"saleC":16,"customerC":1,"grossP":2959,"discount":1988,"discountP":0.03,"basketV":11,"basketS":0.08},{"month":"jul","day":"16","revenue":7080,"saleC":18,"customerC":0,"grossP":1927,"discount":1022,"discountP":0.04,"basketV":12,"basketS":0.08},{"month":"jul","day":"17","revenue":9639,"saleC":14,"customerC":0,"grossP":2481,"discount":1705,"discountP":0.06,"basketV":15,"basketS":0.07},{"month":"jul","day":"18","revenue":9105,"saleC":8,"customerC":1,"grossP":3367,"discount":1138,"discountP":0.05,"basketV":14,"basketS":0.07},{"month":"jul","day":"19","revenue":5670,"saleC":7,"customerC":1,"grossP":2056,"discount":756,"discountP":0.07,"basketV":13,"basketS":0.07},{"month":"jul","day":"20","revenue":8826,"saleC":16,"customerC":0,"grossP":2507,"discount":982,"discountP":0.02,"basketV":15,"basketS":0.07},{"month":"jul","day":"21","revenue":6608,"saleC":12,"customerC":1,"grossP":4419,"discount":1266,"discountP":0.04,"basketV":11,"basketS":0.07},{"month":"jul","day":"22","revenue":3919,"saleC":12,"customerC":1,"grossP":3505,"discount":925,"discountP":0.02,"basketV":10,"basketS":0.08},{"month":"jul","day":"23","revenue":3447,"saleC":9,"customerC":1,"grossP":1479,"discount":1438,"discountP":0.02,"basketV":14,"basketS":0.07},{"month":"jul","day":"24","revenue":9662,"saleC":10,"customerC":1,"grossP":3341,"discount":443,"discountP":0.07,"basketV":13,"basketS":0.07},{"month":"jul","day":"25","revenue":7654,"saleC":12,"customerC":0,"grossP":4051,"discount":285,"discountP":0.01,"basketV":10,"basketS":0.07},{"month":"jul","day":"26","revenue":4422,"saleC":12,"customerC":1,"grossP":4631,"discount":1147,"discountP":0.01,"basketV":15,"basketS":0.08},{"month":"jul","day":"27","revenue":4835,"saleC":13,"customerC":0,"grossP":1525,"discount":725,"discountP":0.05,"basketV":14,"basketS":0.08},{"month":"jul","day":"28","revenue":6322,"saleC":16,"customerC":0,"grossP":3382,"discount":541,"discountP":0.01,"basketV":15,"basketS":0.08},{"month":"jul","day":"29","revenue":9258,"saleC":12,"customerC":0,"grossP":1919,"discount":1710,"discountP":0.05,"basketV":13,"basketS":0.07},{"month":"jul","day":"30","revenue":9022,"saleC":15,"customerC":0,"grossP":1300,"discount":842,"discountP":0.01,"basketV":13,"basketS":0.07},{"month":"jul","day":"31","revenue":6895,"saleC":16,"customerC":0,"grossP":2447,"discount":266,"discountP":0.02,"basketV":10,"basketS":0.08},{"month":"aug","day":"1","revenue":9470,"saleC":13,"customerC":1,"grossP":1791,"discount":879,"discountP":0.02,"basketV":13,"basketS":0.07},{"month":"aug","day":"2","revenue":6874,"saleC":10,"customerC":1,"grossP":2844,"discount":1411,"discountP":0.03,"basketV":11,"basketS":0.07},{"month":"aug","day":"3","revenue":5152,"saleC":11,"customerC":1,"grossP":4357,"discount":1708,"discountP":0.04,"basketV":15,"basketS":0.07},{"month":"aug","day":"4","revenue":3889,"saleC":16,"customerC":1,"grossP":2925,"discount":1906,"discountP":0.03,"basketV":12,"basketS":0.08},{"month":"aug","day":"5","revenue":8082,"saleC":9,"customerC":1,"grossP":3830,"discount":894,"discountP":0.06,"basketV":14,"basketS":0.08},{"month":"aug","day":"6","revenue":6967,"saleC":18,"customerC":0,"grossP":2487,"discount":1743,"discountP":0.03,"basketV":13,"basketS":0.08},{"month":"aug","day":"7","revenue":8674,"saleC":15,"customerC":0,"grossP":1646,"discount":564,"discountP":0.02,"basketV":11,"basketS":0.07},{"month":"aug","day":"8","revenue":8747,"saleC":12,"customerC":0,"grossP":2511,"discount":1952,"discountP":0.03,"basketV":10,"basketS":0.08},{"month":"aug","day":"9","revenue":8764,"saleC":11,"customerC":0,"grossP":2667,"discount":1595,"discountP":0.00,"basketV":13,"basketS":0.07},{"month":"aug","day":"10","revenue":4618,"saleC":13,"customerC":0,"grossP":3453,"discount":622,"discountP":0.07,"basketV":11,"basketS":0.07},{"month":"aug","day":"11","revenue":5764,"saleC":12,"customerC":0,"grossP":2262,"discount":1860,"discountP":0.00,"basketV":12,"basketS":0.08},{"month":"aug","day":"12","revenue":8252,"saleC":15,"customerC":1,"grossP":4620,"discount":801,"discountP":0.01,"basketV":15,"basketS":0.06},{"month":"aug","day":"13","revenue":9060,"saleC":14,"customerC":1,"grossP":1911,"discount":1876,"discountP":0.06,"basketV":10,"basketS":0.06},{"month":"aug","day":"14","revenue":8263,"saleC":16,"customerC":1,"grossP":2600,"discount":1312,"discountP":0.05,"basketV":13,"basketS":0.08},{"month":"aug","day":"15","revenue":6728,"saleC":11,"customerC":0,"grossP":3814,"discount":1025,"discountP":0.06,"basketV":10,"basketS":0.07},{"month":"aug","day":"16","revenue":8199,"saleC":10,"customerC":0,"grossP":3482,"discount":859,"discountP":0.06,"basketV":14,"basketS":0.07},{"month":"aug","day":"17","revenue":6210,"saleC":9,"customerC":0,"grossP":2138,"discount":611,"discountP":0.05,"basketV":10,"basketS":0.07},{"month":"aug","day":"18","revenue":9000,"saleC":16,"customerC":0,"grossP":3715,"discount":1645,"discountP":0.02,"basketV":12,"basketS":0.07},{"month":"aug","day":"19","revenue":3623,"saleC":11,"customerC":1,"grossP":4261,"discount":625,"discountP":0.00,"basketV":11,"basketS":0.08},{"month":"aug","day":"20","revenue":4412,"saleC":9,"customerC":0,"grossP":3362,"discount":1573,"discountP":0.04,"basketV":13,"basketS":0.08},{"month":"aug","day":"21","revenue":7166,"saleC":14,"customerC":1,"grossP":1445,"discount":85,"discountP":0.02,"basketV":15,"basketS":0.08},{"month":"aug","day":"22","revenue":3958,"saleC":19,"customerC":0,"grossP":2778,"discount":839,"discountP":0.01,"basketV":11,"basketS":0.07},{"month":"aug","day":"23","revenue":4299,"saleC":16,"customerC":0,"grossP":4600,"discount":1630,"discountP":0.05,"basketV":12,"basketS":0.08},{"month":"aug","day":"24","revenue":4274,"saleC":16,"customerC":1,"grossP":2735,"discount":1563,"discountP":0.02,"basketV":12,"basketS":0.07},{"month":"aug","day":"25","revenue":4840,"saleC":9,"customerC":0,"grossP":4468,"discount":1223,"discountP":0.04,"basketV":15,"basketS":0.07},{"month":"aug","day":"26","revenue":8319,"saleC":12,"customerC":0,"grossP":3185,"discount":726,"discountP":0.04,"basketV":11,"basketS":0.08},{"month":"aug","day":"27","revenue":9567,"saleC":19,"customerC":0,"grossP":1957,"discount":1835,"discountP":0.01,"basketV":12,"basketS":0.07},{"month":"aug","day":"28","revenue":8010,"saleC":15,"customerC":1,"grossP":2716,"discount":1513,"discountP":0.03,"basketV":13,"basketS":0.08},{"month":"aug","day":"29","revenue":5189,"saleC":15,"customerC":0,"grossP":1962,"discount":499,"discountP":0.02,"basketV":10,"basketS":0.07},{"month":"aug","day":"30","revenue":3348,"saleC":15,"customerC":1,"grossP":2954,"discount":695,"discountP":0.05,"basketV":12,"basketS":0.07},{"month":"aug","day":"31","revenue":5397,"saleC":13,"customerC":0,"grossP":1675,"discount":884,"discountP":0.02,"basketV":13,"basketS":0.07},{"month":"sep","day":"1","revenue":4343,"saleC":16,"customerC":1,"grossP":2649,"discount":772,"discountP":0.04,"basketV":14,"basketS":0.07},{"month":"sep","day":"2","revenue":7551,"saleC":15,"customerC":1,"grossP":4235,"discount":1125,"discountP":0.04,"basketV":13,"basketS":0.07},{"month":"sep","day":"3","revenue":8643,"saleC":16,"customerC":1,"grossP":2000,"discount":1307,"discountP":0.07,"basketV":14,"basketS":0.08},{"month":"sep","day":"4","revenue":5196,"saleC":14,"customerC":1,"grossP":4621,"discount":666,"discountP":0.04,"basketV":15,"basketS":0.07},{"month":"sep","day":"5","revenue":5885,"saleC":9,"customerC":0,"grossP":4439,"discount":293,"discountP":0.04,"basketV":14,"basketS":0.08},{"month":"sep","day":"6","revenue":5187,"saleC":17,"customerC":1,"grossP":2224,"discount":436,"discountP":0.03,"basketV":11,"basketS":0.07},{"month":"sep","day":"7","revenue":9588,"saleC":14,"customerC":0,"grossP":2210,"discount":1473,"discountP":0.03,"basketV":14,"basketS":0.07},{"month":"sep","day":"8","revenue":8499,"saleC":14,"customerC":0,"grossP":2334,"discount":81,"discountP":0.05,"basketV":13,"basketS":0.07},{"month":"sep","day":"9","revenue":5720,"saleC":7,"customerC":1,"grossP":1816,"discount":860,"discountP":0.04,"basketV":12,"basketS":0.07},{"month":"sep","day":"10","revenue":8651,"saleC":8,"customerC":0,"grossP":3841,"discount":961,"discountP":0.02,"basketV":14,"basketS":0.08},{"month":"sep","day":"11","revenue":6284,"saleC":17,"customerC":0,"grossP":4475,"discount":1615,"discountP":0.03,"basketV":10,"basketS":0.07},{"month":"sep","day":"12","revenue":3802,"saleC":7,"customerC":0,"grossP":2286,"discount":732,"discountP":0.01,"basketV":11,"basketS":0.07},{"month":"sep","day":"13","revenue":6000,"saleC":10,"customerC":1,"grossP":4077,"discount":1503,"discountP":0.07,"basketV":11,"basketS":0.07},{"month":"sep","day":"14","revenue":9359,"saleC":13,"customerC":1,"grossP":1425,"discount":135,"discountP":0.07,"basketV":14,"basketS":0.08},{"month":"sep","day":"15","revenue":3238,"saleC":7,"customerC":0,"grossP":3118,"discount":97,"discountP":0.02,"basketV":13,"basketS":0.07},{"month":"sep","day":"16","revenue":5752,"saleC":15,"customerC":0,"grossP":1960,"discount":532,"discountP":0.06,"basketV":11,"basketS":0.07},{"month":"sep","day":"17","revenue":7001,"saleC":8,"customerC":0,"grossP":1559,"discount":1273,"discountP":0.04,"basketV":11,"basketS":0.07},{"month":"sep","day":"18","revenue":5862,"saleC":19,"customerC":1,"grossP":1744,"discount":302,"discountP":0.01,"basketV":11,"basketS":0.07},{"month":"sep","day":"19","revenue":8974,"saleC":7,"customerC":0,"grossP":4084,"discount":391,"discountP":0.01,"basketV":14,"basketS":0.08},{"month":"sep","day":"20","revenue":8635,"saleC":15,"customerC":0,"grossP":1916,"discount":1836,"discountP":0.01,"basketV":12,"basketS":0.07},{"month":"sep","day":"21","revenue":7472,"saleC":15,"customerC":0,"grossP":3412,"discount":1736,"discountP":0.01,"basketV":15,"basketS":0.07},{"month":"sep","day":"22","revenue":7148,"saleC":7,"customerC":0,"grossP":3250,"discount":1143,"discountP":0.01,"basketV":13,"basketS":0.08},{"month":"sep","day":"23","revenue":4302,"saleC":14,"customerC":1,"grossP":2935,"discount":1380,"discountP":0.04,"basketV":13,"basketS":0.07},{"month":"sep","day":"24","revenue":7766,"saleC":8,"customerC":0,"grossP":3413,"discount":1728,"discountP":0.02,"basketV":12,"basketS":0.08},{"month":"sep","day":"25","revenue":8648,"saleC":16,"customerC":0,"grossP":2604,"discount":1908,"discountP":0.01,"basketV":14,"basketS":0.07},{"month":"sep","day":"26","revenue":8208,"saleC":9,"customerC":0,"grossP":3381,"discount":1149,"discountP":0.03,"basketV":13,"basketS":0.08},{"month":"sep","day":"27","revenue":8297,"saleC":11,"customerC":0,"grossP":3146,"discount":1953,"discountP":0.03,"basketV":15,"basketS":0.08},{"month":"sep","day":"28","revenue":6567,"saleC":15,"customerC":0,"grossP":2227,"discount":1377,"discountP":0.05,"basketV":13,"basketS":0.08},{"month":"sep","day":"29","revenue":4295,"saleC":12,"customerC":0,"grossP":4156,"discount":115,"discountP":0.05,"basketV":11,"basketS":0.08},{"month":"sep","day":"30","revenue":9264,"saleC":11,"customerC":1,"grossP":1526,"discount":1019,"discountP":0.06,"basketV":14,"basketS":0.08},{"month":"oct","day":"1","revenue":6628,"saleC":15,"customerC":0,"grossP":2982,"discount":1468,"discountP":0.02,"basketV":11,"basketS":0.08},{"month":"oct","day":"2","revenue":5361,"saleC":19,"customerC":0,"grossP":1927,"discount":1618,"discountP":0.03,"basketV":12,"basketS":0.08},{"month":"oct","day":"3","revenue":7062,"saleC":19,"customerC":1,"grossP":2933,"discount":298,"discountP":0.01,"basketV":14,"basketS":0.07},{"month":"oct","day":"4","revenue":9528,"saleC":15,"customerC":0,"grossP":2043,"discount":1632,"discountP":0.01,"basketV":10,"basketS":0.07},{"month":"oct","day":"5","revenue":7655,"saleC":17,"customerC":1,"grossP":2326,"discount":1078,"discountP":0.07,"basketV":15,"basketS":0.07},{"month":"oct","day":"6","revenue":4618,"saleC":16,"customerC":1,"grossP":3122,"discount":850,"discountP":0.05,"basketV":11,"basketS":0.08},{"month":"oct","day":"7","revenue":6732,"saleC":19,"customerC":1,"grossP":4450,"discount":1858,"discountP":0.06,"basketV":13,"basketS":0.07},{"month":"oct","day":"8","revenue":4320,"saleC":17,"customerC":1,"grossP":2667,"discount":1465,"discountP":0.03,"basketV":15,"basketS":0.08},{"month":"oct","day":"9","revenue":8772,"saleC":8,"customerC":1,"grossP":2753,"discount":1641,"discountP":0.03,"basketV":12,"basketS":0.07},{"month":"oct","day":"10","revenue":7431,"saleC":12,"customerC":1,"grossP":3224,"discount":1645,"discountP":0.00,"basketV":12,"basketS":0.08},{"month":"oct","day":"11","revenue":3629,"saleC":7,"customerC":1,"grossP":2418,"discount":177,"discountP":0.00,"basketV":14,"basketS":0.07},{"month":"oct","day":"12","revenue":6615,"saleC":8,"customerC":0,"grossP":1418,"discount":1097,"discountP":0.05,"basketV":15,"basketS":0.07},{"month":"oct","day":"13","revenue":3442,"saleC":11,"customerC":0,"grossP":4158,"discount":1475,"discountP":0.04,"basketV":13,"basketS":0.07},{"month":"oct","day":"14","revenue":6444,"saleC":19,"customerC":1,"grossP":3098,"discount":488,"discountP":0.03,"basketV":13,"basketS":0.08},{"month":"oct","day":"15","revenue":3385,"saleC":13,"customerC":0,"grossP":1763,"discount":1339,"discountP":0.03,"basketV":11,"basketS":0.07},{"month":"oct","day":"16","revenue":3686,"saleC":7,"customerC":0,"grossP":4548,"discount":449,"discountP":0.04,"basketV":14,"basketS":0.07},{"month":"oct","day":"17","revenue":6473,"saleC":13,"customerC":0,"grossP":1835,"discount":788,"discountP":0.02,"basketV":13,"basketS":0.08},{"month":"oct","day":"18","revenue":3998,"saleC":13,"customerC":1,"grossP":4242,"discount":411,"discountP":0.05,"basketV":11,"basketS":0.08},{"month":"oct","day":"19","revenue":8191,"saleC":15,"customerC":1,"grossP":1625,"discount":1951,"discountP":0.04,"basketV":15,"basketS":0.07},{"month":"oct","day":"20","revenue":3625,"saleC":11,"customerC":0,"grossP":4470,"discount":607,"discountP":0.03,"basketV":13,"basketS":0.07},{"month":"oct","day":"21","revenue":8405,"saleC":13,"customerC":1,"grossP":1700,"discount":108,"discountP":0.02,"basketV":13,"basketS":0.08},{"month":"oct","day":"22","revenue":8332,"saleC":16,"customerC":0,"grossP":4436,"discount":797,"discountP":0.01,"basketV":12,"basketS":0.07},{"month":"oct","day":"23","revenue":9402,"saleC":16,"customerC":0,"grossP":4295,"discount":516,"discountP":0.06,"basketV":12,"basketS":0.08},{"month":"oct","day":"24","revenue":9605,"saleC":11,"customerC":1,"grossP":4596,"discount":1989,"discountP":0.07,"basketV":14,"basketS":0.07},{"month":"oct","day":"25","revenue":8166,"saleC":14,"customerC":0,"grossP":2781,"discount":1289,"discountP":0.05,"basketV":10,"basketS":0.06},{"month":"oct","day":"26","revenue":4553,"saleC":13,"customerC":1,"grossP":2160,"discount":1939,"discountP":0.01,"basketV":10,"basketS":0.08},{"month":"oct","day":"27","revenue":7505,"saleC":8,"customerC":0,"grossP":1598,"discount":1926,"discountP":0.05,"basketV":10,"basketS":0.08},{"month":"oct","day":"28","revenue":5502,"saleC":18,"customerC":0,"grossP":2807,"discount":729,"discountP":0.02,"basketV":14,"basketS":0.07},{"month":"oct","day":"29","revenue":3519,"saleC":14,"customerC":1,"grossP":2329,"discount":1978,"discountP":0.04,"basketV":13,"basketS":0.07},{"month":"oct","day":"30","revenue":5393,"saleC":10,"customerC":0,"grossP":3497,"discount":455,"discountP":0.01,"basketV":13,"basketS":0.08},{"month":"oct","day":"31","revenue":3875,"saleC":15,"customerC":0,"grossP":4195,"discount":680,"discountP":0.03,"basketV":13,"basketS":0.07},{"month":"nov","day":"1","revenue":5581,"saleC":8,"customerC":0,"grossP":4042,"discount":797,"discountP":0.07,"basketV":15,"basketS":0.08},{"month":"nov","day":"2","revenue":8384,"saleC":11,"customerC":0,"grossP":2798,"discount":216,"discountP":0.00,"basketV":11,"basketS":0.07},{"month":"nov","day":"3","revenue":8770,"saleC":10,"customerC":0,"grossP":1683,"discount":508,"discountP":0.02,"basketV":13,"basketS":0.08},{"month":"nov","day":"4","revenue":7940,"saleC":15,"customerC":1,"grossP":4663,"discount":125,"discountP":0.06,"basketV":12,"basketS":0.07},{"month":"nov","day":"5","revenue":6269,"saleC":9,"customerC":0,"grossP":2952,"discount":836,"discountP":0.05,"basketV":11,"basketS":0.08},{"month":"nov","day":"6","revenue":8375,"saleC":17,"customerC":1,"grossP":2367,"discount":710,"discountP":0.05,"basketV":15,"basketS":0.07},{"month":"nov","day":"7","revenue":9650,"saleC":16,"customerC":0,"grossP":3202,"discount":1247,"discountP":0.04,"basketV":15,"basketS":0.07},{"month":"nov","day":"8","revenue":6100,"saleC":14,"customerC":1,"grossP":3858,"discount":741,"discountP":0.03,"basketV":14,"basketS":0.07},{"month":"nov","day":"9","revenue":6074,"saleC":17,"customerC":1,"grossP":1911,"discount":1499,"discountP":0.01,"basketV":11,"basketS":0.07},{"month":"nov","day":"10","revenue":6838,"saleC":10,"customerC":0,"grossP":1940,"discount":1921,"discountP":0.04,"basketV":11,"basketS":0.07},{"month":"nov","day":"11","revenue":3897,"saleC":19,"customerC":1,"grossP":2936,"discount":934,"discountP":0.01,"basketV":10,"basketS":0.06},{"month":"nov","day":"12","revenue":9308,"saleC":12,"customerC":0,"grossP":4364,"discount":1450,"discountP":0.02,"basketV":12,"basketS":0.08},{"month":"nov","day":"13","revenue":9663,"saleC":11,"customerC":0,"grossP":2657,"discount":1848,"discountP":0.06,"basketV":14,"basketS":0.08},{"month":"nov","day":"14","revenue":8388,"saleC":11,"customerC":0,"grossP":3427,"discount":777,"discountP":0.05,"basketV":13,"basketS":0.07},{"month":"nov","day":"15","revenue":8360,"saleC":19,"customerC":0,"grossP":4336,"discount":1283,"discountP":0.05,"basketV":11,"basketS":0.07},{"month":"nov","day":"16","revenue":4329,"saleC":13,"customerC":0,"grossP":4401,"discount":243,"discountP":0.01,"basketV":14,"basketS":0.07},{"month":"nov","day":"17","revenue":7540,"saleC":16,"customerC":0,"grossP":1843,"discount":425,"discountP":0.06,"basketV":12,"basketS":0.07},{"month":"nov","day":"18","revenue":9178,"saleC":14,"customerC":0,"grossP":2226,"discount":1334,"discountP":0.01,"basketV":13,"basketS":0.08},{"month":"nov","day":"19","revenue":4778,"saleC":9,"customerC":1,"grossP":2111,"discount":206,"discountP":0.07,"basketV":13,"basketS":0.08},{"month":"nov","day":"20","revenue":5754,"saleC":17,"customerC":1,"grossP":1387,"discount":329,"discountP":0.05,"basketV":11,"basketS":0.07},{"month":"nov","day":"21","revenue":4557,"saleC":15,"customerC":0,"grossP":2759,"discount":378,"discountP":0.06,"basketV":14,"basketS":0.07},{"month":"nov","day":"22","revenue":9446,"saleC":12,"customerC":1,"grossP":2177,"discount":443,"discountP":0.04,"basketV":12,"basketS":0.08},{"month":"nov","day":"23","revenue":8802,"saleC":7,"customerC":1,"grossP":4366,"discount":360,"discountP":0.01,"basketV":13,"basketS":0.08},{"month":"nov","day":"24","revenue":4729,"saleC":11,"customerC":1,"grossP":1896,"discount":967,"discountP":0.03,"basketV":13,"basketS":0.07},{"month":"nov","day":"25","revenue":5339,"saleC":17,"customerC":1,"grossP":4520,"discount":204,"discountP":0.01,"basketV":13,"basketS":0.08},{"month":"nov","day":"26","revenue":6944,"saleC":14,"customerC":0,"grossP":2524,"discount":1566,"discountP":0.01,"basketV":12,"basketS":0.08},{"month":"nov","day":"27","revenue":7649,"saleC":14,"customerC":1,"grossP":1828,"discount":148,"discountP":0.04,"basketV":13,"basketS":0.07},{"month":"nov","day":"28","revenue":6084,"saleC":10,"customerC":1,"grossP":2620,"discount":999,"discountP":0.01,"basketV":10,"basketS":0.08},{"month":"nov","day":"29","revenue":7872,"saleC":8,"customerC":0,"grossP":3885,"discount":1758,"discountP":0.07,"basketV":15,"basketS":0.08},{"month":"nov","day":"30","revenue":6258,"saleC":7,"customerC":0,"grossP":2598,"discount":1025,"discountP":0.02,"basketV":13,"basketS":0.08},{"month":"dec","day":"1","revenue":8747,"saleC":6,"customerC":0,"grossP":4674,"discount":141,"discountP":0.03,"basketV":13,"basketS":0.08},{"month":"dec","day":"2","revenue":9344,"saleC":8,"customerC":1,"grossP":3745,"discount":1291,"discountP":0.04,"basketV":10,"basketS":0.07},{"month":"dec","day":"3","revenue":5245,"saleC":18,"customerC":1,"grossP":1441,"discount":1086,"discountP":0.00,"basketV":11,"basketS":0.07},{"month":"dec","day":"4","revenue":8637,"saleC":9,"customerC":0,"grossP":3714,"discount":1357,"discountP":0.00,"basketV":12,"basketS":0.07},{"month":"dec","day":"5","revenue":4109,"saleC":14,"customerC":0,"grossP":4662,"discount":1151,"discountP":0.06,"basketV":13,"basketS":0.08},{"month":"dec","day":"6","revenue":9315,"saleC":10,"customerC":1,"grossP":2223,"discount":314,"discountP":0.04,"basketV":12,"basketS":0.07},{"month":"dec","day":"7","revenue":4101,"saleC":13,"customerC":0,"grossP":3407,"discount":735,"discountP":0.01,"basketV":10,"basketS":0.07},{"month":"dec","day":"8","revenue":9130,"saleC":19,"customerC":0,"grossP":3037,"discount":254,"discountP":0.06,"basketV":14,"basketS":0.08},{"month":"dec","day":"9","revenue":8136,"saleC":10,"customerC":0,"grossP":2324,"discount":698,"discountP":0.07,"basketV":12,"basketS":0.08},{"month":"dec","day":"10","revenue":5565,"saleC":18,"customerC":0,"grossP":2157,"discount":1507,"discountP":0.06,"basketV":14,"basketS":0.08},{"month":"dec","day":"11","revenue":9338,"saleC":16,"customerC":0,"grossP":2935,"discount":1332,"discountP":0.06,"basketV":13,"basketS":0.08},{"month":"dec","day":"12","revenue":6115,"saleC":11,"customerC":1,"grossP":3729,"discount":1072,"discountP":0.04,"basketV":11,"basketS":0.07},{"month":"dec","day":"13","revenue":8753,"saleC":8,"customerC":1,"grossP":3155,"discount":1925,"discountP":0.05,"basketV":13,"basketS":0.07},{"month":"dec","day":"14","revenue":9609,"saleC":11,"customerC":1,"grossP":3709,"discount":1638,"discountP":0.06,"basketV":11,"basketS":0.07},{"month":"dec","day":"15","revenue":7729,"saleC":18,"customerC":1,"grossP":4500,"discount":1913,"discountP":0.01,"basketV":12,"basketS":0.08},{"month":"dec","day":"16","revenue":5275,"saleC":10,"customerC":0,"grossP":1570,"discount":1811,"discountP":0.06,"basketV":10,"basketS":0.08},{"month":"dec","day":"17","revenue":6024,"saleC":17,"customerC":0,"grossP":3388,"discount":326,"discountP":0.01,"basketV":14,"basketS":0.08},{"month":"dec","day":"18","revenue":6048,"saleC":15,"customerC":1,"grossP":2119,"discount":1555,"discountP":0.02,"basketV":11,"basketS":0.08},{"month":"dec","day":"19","revenue":5600,"saleC":11,"customerC":0,"grossP":2463,"discount":438,"discountP":0.06,"basketV":11,"basketS":0.08},{"month":"dec","day":"20","revenue":6221,"saleC":11,"customerC":1,"grossP":2796,"discount":819,"discountP":0.01,"basketV":11,"basketS":0.08},{"month":"dec","day":"21","revenue":8384,"saleC":10,"customerC":1,"grossP":1811,"discount":1897,"discountP":0.03,"basketV":12,"basketS":0.07},{"month":"dec","day":"22","revenue":6271,"saleC":13,"customerC":1,"grossP":2041,"discount":598,"discountP":0.02,"basketV":14,"basketS":0.07},{"month":"dec","day":"23","revenue":6725,"saleC":11,"customerC":0,"grossP":3795,"discount":943,"discountP":0.04,"basketV":11,"basketS":0.07},{"month":"dec","day":"24","revenue":4278,"saleC":12,"customerC":0,"grossP":1842,"discount":1192,"discountP":0.05,"basketV":12,"basketS":0.07},{"month":"dec","day":"25","revenue":4589,"saleC":15,"customerC":0,"grossP":3159,"discount":1719,"discountP":0.05,"basketV":12,"basketS":0.08},{"month":"dec","day":"26","revenue":6180,"saleC":14,"customerC":1,"grossP":1892,"discount":1328,"discountP":0.03,"basketV":12,"basketS":0.07},{"month":"dec","day":"27","revenue":5936,"saleC":17,"customerC":1,"grossP":2731,"discount":1916,"discountP":0.03,"basketV":11,"basketS":0.08},{"month":"dec","day":"28","revenue":6217,"saleC":11,"customerC":1,"grossP":2775,"discount":1702,"discountP":0.01,"basketV":10,"basketS":0.07},{"month":"dec","day":"29","revenue":8349,"saleC":19,"customerC":1,"grossP":2618,"discount":232,"discountP":0.03,"basketV":11,"basketS":0.08},{"month":"dec","day":"30","revenue":7504,"saleC":7,"customerC":1,"grossP":1787,"discount":88,"discountP":0.06,"basketV":11,"basketS":0.07},{"month":"dec","day":"31","revenue":3943,"saleC":18,"customerC":1,"grossP":3526,"discount":1682,"discountP":0.01,"basketV":10,"basketS":0.08},{"month":"dec","day":"31","revenue":4415,"saleC":19,"customerC":0,"grossP":2190,"discount":800,"discountP":0.01,"basketV":11,"basketS":0.08}]}
